"Game_Number","Result","Color","Moves"
1,"0-1","White","1. d4 b5 2. c4 Bb7 3. cxb5 g6 4. d5 Bg7 5. e4 c6 6. Bc4 c5 7. Qf3 Nh6 8. d6 exd6 9. Bxh6 O-O 10. Bc1 Re8 11. Qxf7+ Kh8 12. Ne2 Rf8 13. Qxf8+ Qxf8 14. Nd2 Qe8 15. Ng3 d5 16. Bxd5 Bxd5 17. O-O Bf7 18. Re1 c4 19. e5 a6 20. b6 Nc6 21. Nge4 Qxe5 22. a4 Nd4 23. Ra2 c3 24. b7 Rb8 25. Nc4 Bxc4 26. bxc3 Bxa2 27. cxd4 Qxd4 28. Nd2 Bd5 29. Nf3 Bxf3 30. gxf3 Qh4 31. Re4 Qf6 32. Bf4 Rxb7 33. Re8+ Qf8 34. Rxf8+ Bxf8 35. Be5+ Kg8 36. Kg2 d5 37. a5 Re7 38. Bd6 Re6 39. Bxf8 Kxf8 40. f4 d4 41. h4 d3"
2,"1-0","White","1. g3 e6 2. Nf3 Qf6 3. Bh3 e5 4. c3 e4 5. Nd4 c5 6. Nb5 Qc6 7. N1a3 e3 8. Bg2 d5 9. dxe3 c4 10. Bxd5 Qc5 11. Bxc4 Nc6 12. Nc7+ Ke7 13. Nxa8 Ne5 14. b4 Qd6 15. Qxd6+ Kxd6 16. Nb5+ Kd7 17. Bd5 Nf6 18. Bg2 Nc4 19. O-O a6 20. Bh3+ Kd8 21. Rd1+ Bd7 22. Nbc7 Bd6 23. Nd5 Bxh3 24. Ndb6 Ke7 25. Nxc4 Rxa8 26. Nxd6 Rd8 27. Ba3 Rxd6 28. b5 Ne4 29. Rd4 axb5 30. Rxe4+ Kd7 31. Bxd6 Kxd6 32. Rd1+ Kc5 33. Re5+ Kc4 34. Rd4+ Kxc3 35. Rc5+ Kb2 36. Rb4+ Ka3 37. Rbxb5 Ka4 38. Rxb7 h6 39. Rc4+ Ka3 40. Rc6 Bd7 41. Ra6+ Ba4 42. Rb3+ Kxa2 43. Rb4 f5 44. Raxa4#"
3,"1-0","White","1. d4 d5 2. c4 dxc4 3. e4 Nf6 4. Bxc4 Nxe4 5. Qf3 e6 6. Qxe4 f5 7. Qe5 Nc6 8. Bb5 Bb4+ 9. Bd2 Bxd2+ 10. Nxd2 O-O 11. Bxc6 bxc6 12. Ngf3 Qe7 13. a3 a5 14. O-O Ba6 15. Rfe1 a4 16. Rac1 Bb7 17. g3 Rac8 18. Nh4 Rf7 19. Rc5 Rd8 20. Nxf5 exf5 21. Qxe7 Rxe7 22. Rxe7 g6 23. Rxc7 Ba8 24. Re5 Rf8 25. Ree7 c5 26. Rg7+ Kh8 27. Rxh7+ Kg8 28. Rcg7#"
4,"0-1","Black","1. e4 e5 2. Qg4 f5 3. Qxf5 d6 4. Qh5+ g6 5. Qe2 Bd7 6. c4 Na6 7. b3 Nb4 8. Na3 Qg5 9. Kd1 O-O-O 10. Qf3 Bg4 11. d3 Bxf3+ 12. gxf3 Qh4 13. Nh3 Bh6 14. Nc2 a5 15. a3 Nxd3 16. Be3 Ne7 17. Kd2 Nf4 18. Ng1 d5 19. Ke1 d4 20. Bd2 d3 21. Ne3 Nc6 22. Rc1 Nd4 23. Bxa5 Nxb3 24. Rd1 Nxa5 25. Nd5 Nxc4 26. Bxd3 Nxa3 27. Rc1 Nxd3+ 28. Kf1 Nxc1 29. Kg2 Nd3 30. Nh3 Nc4 31. Rd1 Ncb2 32. Rb1 Bd2 33. Ra1 Kb8 34. f4 exf4 35. f3 Ne1+ 36. Kf1 Nxf3 37. Ra2 Nxh2+ 38. Ke2 Qe1#"
5,"0-1","Black","1. e4 d5 2. Nc3 d4 3. Nce2 d3 4. Nc3 dxc2 5. Qxc2 Nc6 6. Be2 Nd4 7. Qd3 e5 8. Nf3 Bc5 9. Nxe5 Qf6 10. Ng4 Bxg4 11. Bxg4 Nc2+ 12. Qxc2 Qxf2+ 13. Kd1 Qxg2 14. Re1 Qxg4+ 15. Ne2 Bd6 16. d3 Nf6 17. Bd2 b6 18. d4 Nxe4 19. Qc6+ Qd7 20. Qxd7+ Kxd7 21. h3 c5 22. dxc5 Rac8 23. cxd6 Nf2#"
6,"0-1","White","1. d4 Nf6 2. c4 Nc6 3. e3 d6 4. d5 Nb4 5. Bd2 Na6 6. c5 Nxc5 7. Bb5+ Bd7 8. a4 c6 9. dxc6 bxc6 10. Bc4 Bg4 11. f3 Be6 12. b3 d5 13. Bb4 dxc4 14. Bxc5 Qxd1+ 15. Kxd1 cxb3 16. Nc3 Rb8 17. Bxa7 Ra8 18. Bd4 Nh5 19. Nge2 Bc4 20. g4 Nf6 21. a5 Nd5 22. Ra4 Nxc3+ 23. Nxc3 Bb5 24. Nxb5 cxb5 25. Rb4 Rxa5 26. Rxb3 e5 27. Bc3 Bb4 28. Bxb4 Ra1+ 29. Kc2 Rxh1 30. Ra3 Kd7 31. Rd3+ Kc6 32. Rd6+ Kb7 33. Rd7+ Kc8 34. Rxf7 Rxh2+ 35. Bd2 Kd8 36. Rb7 Kc8 37. Rxb5 Rd8 38. Rc5+ Kb7 39. Kb3 Rhxd2 40. Kb4 Kb6 41. Rb5+ Kc7 42. Rxe5 Rb8+ 43. Kc4 Kd6 44. Rb5 Rc8+ 45. Kb4 Rb2+ 46. Ka5 Rxb5+ 47. Kxb5 Rc5+ 48. Kb6 Rc3 49. f4 Rxe3 50. f5 Rg3 51. g5 Rxg5 52. f6 gxf6"
7,"1-0","White","1. d4 d5 2. c4 dxc4 3. e3 Nf6 4. Bxc4 e6 5. Nc3 c6 6. Qf3 Bb4 7. Nh3 O-O 8. a3 Bxc3+ 9. bxc3 Nbd7 10. a4 a6 11. Ba3 Re8 12. Bd6 Nb6 13. Bd3 Qxd6 14. Ng5 g6 15. e4 e5 16. a5 Nbd7 17. Ra4 b5 18. dxe5 Qxe5 19. Rd4 Qc5 20. O-O Qxc3 21. Qe3 Qxa5 22. Bc2 c5 23. Qb3 Re7 24. Rd6 c4 25. Qf3 Kg7 26. e5 Rxe5 27. Qxa8 Qc7 28. Rc6 Qb7 29. Qxc8 Qxc8 30. Rxc8 Rxg5 31. Ra8 b4 32. Ba4 Ne5 33. Bd1 b3 34. f4 Rf5 35. fxe5 Rxf1+ 36. Kxf1 Ng4 37. Bxg4 c3 38. Bd1 c2 39. Bxc2 bxc2 40. Rc8 g5 41. Rxc2 f5 42. e6 Kf8 43. Rc7 Ke8 44. Rxh7 g4 45. h4 a5 46. h5 a4 47. h6 a3 48. Ra7 Kf8 49. h7 a2 50. h8=Q#"
8,"0-1","Black","1. e4 d5 2. Qf3 e6 3. c3 Qf6 4. a3 Nc6 5. exd5 Ne5 6. Qe4 Bc5 7. d4 Bb6 8. Be3 Nc4 9. Nd2 Nxb2 10. Bb5+ c6 11. dxc6 Bd7 12. cxd7+ Ke7 13. Qxb7 Rd8 14. Ne4 Qf5 15. f3 Qxb5 16. Ng3 Nd3+ 17. Kd2 Qb2+ 18. Kxd3 Qxa1 19. N1e2 Qxa3 20. d5 Qd6 21. Bxb6 axb6 22. c4 Nh6 23. Rb1 Rxd7 24. Rxb6 Rxb7 25. Rxd6 Kxd6 26. Ne4+ Ke7 27. d6+ Kd7 28. c5 Kc6 29. Nd4+ Kd5 30. c6 Ra7 31. c7 Nf5 32. Nb5 Rb7 33. Nbc3+ Kc6 34. g4 Nxd6 35. Nxd6 Kxd6 36. c8=Q Rxc8 37. g5 Rb3 38. Kd2 Rcxc3 39. f4 Rh3 40. Kc2 Ra3 41. Kb2 Raf3 42. Kc1 Rxh2 43. Kd1 Rf1#"
9,"0-1","Black","1. d4 d5 2. e3 c6 3. c4 e6 4. a3 Nd7 5. cxd5 Qa5+ 6. Bd2 Qxd5 7. Nc3 Qg5 8. e4 Qf6 9. Qb3 b5 10. e5 Qf5 11. Bd3 Qxd3 12. h4 Qxd4 13. O-O-O Nc5 14. Qc2 Nd3+ 15. Kb1 Nxf2 16. Nf3 Qg4 17. Be3 Nxh1 18. Rxh1 a5 19. Nd1 Bd7 20. Nh2 Qxh4 21. Bb6 Ne7 22. Qd2 Qe4+ 23. Ka1 Nd5 24. Bxa5 Be7 25. Re1 Qa4 26. Bc3 Bxa3 27. bxa3 Qxa3+ 28. Kb1 Nxc3+ 29. Nxc3 Qa1+ 30. Kc2 Ra2+ 31. Kd3 Rxd2+ 32. Kxd2 Qb2+ 33. Kd3 Qxg2 34. Re2 Qg6+ 35. Re4 O-O 36. Kd4 b4 37. Rg4 Qc2 38. Na4 c5+ 39. Nxc5 Qxh2 40. Nxd7 Rd8 41. Ke3 Rxd7 42. Rxb4 Qd2+ 43. Kf3 Rd3+ 44. Kg4 Qxb4+ 45. Kg5 Qe7+ 46. Kf4 g5+ 47. Ke4 g4 48. Kxd3 g3 49. Ke2 g2 50. Kf3 g1=Q 51. Ke4 Qh4+"
10,"1-0","White","1. d4 Na6 2. c3 b5 3. e4 c6 4. Qf3 f6 5. e5 e6 6. exf6 Qxf6 7. Ne2 b4 8. Bd2 d5 9. Nf4 Bd6 10. Bd3 Ne7 11. Nh5 Kd7 12. Nxf6+ gxf6 13. Qxf6 Rg8 14. g3 Nc7 15. Bxh7 Rg4 16. O-O Ba6 17. Re1 Re4 18. Bxe4 dxe4 19. Rxe4 Bc4 20. cxb4 Ng8 21. Qf7+ Be7 22. Na3 Rf8 23. Qg6 Nf6 24. Re5 a6 25. Nxc4 Bd6 26. Nb6+ Kd8 27. Rd1 Nd7 28. Bg5+ Be7 29. Rxe6 Nxe6 30. Qxe6 Kc7 31. Qxd7+ Kxb6 32. Bxe7 Rf7 33. a4 Rxe7 34. Qxe7 a5 35. Qc5+ Kb7 36. bxa5 Ka8 37. Qxc6+ Kb8 38. a6 Ka7 39. Qb7#"
11,"0-1","Black","1. e3 c5 2. d3 d5 3. d4 c4 4. Nc3 Nc6 5. Nf3 Nf6 6. Ng5 Be6 7. Qf3 Qa5 8. a3 Bg4 9. Qg3 Bh5 10. Be2 Bg6 11. b4 Nxb4 12. axb4 Qxa1 13. Kd2 Ne4+ 14. Ngxe4 dxe4 15. Bxc4 a6 16. Nd5 Rc8 17. Nb6 Rd8 18. Qc7 e6 19. Qxb7 Bxb4+ 20. Kd1 Bh5+ 21. Be2 Rxd4+ 22. exd4 Qxd4+ 23. Bd2 Qxd2#"
12,"1-0","White","1. d4 d5 2. c4 dxc4 3. Nf3 Nc6 4. e3 e6 5. Bxc4 Bb4+ 6. Bd2 Qd6 7. O-O Ba5 8. Nc3 Bxc3 9. Bxc3 Nf6 10. Qa4 Ng4 11. g3 a6 12. Ne5 O-O 13. Nxg4 Bd7 14. Qb3 b5 15. d5 bxc4 16. Qxc4 exd5 17. Qf4 Bxg4 18. Qxg4 Na7 19. Qxg7#"
13,"0-1","Black","1. e4 c5 2. Bc4 e6 3. Qg4 Nf6 4. Qf4 Nc6 5. c3 d5 6. exd5 Bd6 7. Qg5 g6 8. g3 Ne4 9. Qxd8+ Nxd8 10. f3 Nf6 11. d3 a6 12. Bg5 Be7 13. Nh3 O-O 14. Bh6 Re8 15. O-O exd5 16. Bb3 b5 17. c4 Bxh3 18. Re1 Ne6 19. Nd2 Nd4 20. Bd1 bxc4 21. Ba4 Nb5 22. dxc4 dxc4 23. Nxc4 Nd5 24. Rad1 Nd4 25. Kf2 Reb8 26. Bc6 Nxc6 27. Rxd5 Rb4 28. b3 Rd8 29. Rxe7 Rbb8 30. Rxd8+ Rxd8 31. Rc7 Bd7 32. Nb6 Ne5 33. Ke3 Bg4 34. Bg5 Rd3+ 35. Kf4 Rxf3+ 36. Kxe5 Rf5+ 37. Ke4 Rxg5 38. Kf4 Rh5 39. Kxg4 Rxh2 40. Rc8+ Kg7 41. Nd5 f5+ 42. Kf3 g5 43. Rc7+ Kf8 44. Rxc5 Rxa2 45. Nb4 Ra3 46. Rc3 h5 47. Nc2 Ra5 48. Rc8+ Kf7 49. Rc7+ Kf6 50. Nd4 Ra2 51. Rc6+ Ke5 52. Rc4 Rd2 53. Nc6+ Kd5 54. Nb4+ Ke5 55. Rc5+ Kd6 56. Rxf5 g4+ 57. Ke3 Rg2 58. Rxh5 Rxg3+ 59. Kf4 Rxb3 60. Nxa6 g3 61. Rh6+ Kd5 62. Nc7+ Kc5 63. Ne6+ Kd5 64. Nd8 g2 65. Rg6 Rb2 66. Nf7 Rf2+ 67. Kg3 g1=Q+ 68. Kh4 Rh2#"
14,"0-1","Black","1. e3 e5 2. d4 Nc6 3. Nf3 e4 4. Nfd2 d5 5. Bb5 Nf6 6. Bxc6+ bxc6 7. b3 Bg4 8. f3 exf3 9. gxf3 Bh5 10. Bb2 Ne4 11. Nc3 Qh4+ 12. Ke2 Nf2 13. Qf1 Nxh1 14. Qxh1 Bd6 15. Nf1 O-O 16. Re1 Rae8 17. Kd1 Bf4 18. Kc1 Qxe1+ 19. Nd1 Bxe3+ 20. Kb1 Qxd1+ 21. Bc1 Qxc1#"
15,"0-1","White","1. d4 d5 2. c4 dxc4 3. e3 Be6 4. Qa4+ c6 5. Nc3 b5 6. Nxb5 cxb5 7. Qxb5+ Nd7 8. d5 Bg4 9. Qxc4 Bf5 10. e4 Nb6 11. Qc6+ Qd7 12. Qxa8+ Nxa8 13. exf5 Qxf5 14. Bb5+ Kd8 15. Bd2 Qxd5 16. Ba5+ Kc8 17. Rc1+ Kb7 18. Bc6+ Qxc6 19. Rxc6 Kxc6 20. Ne2 Kb5 21. b4 e6 22. a3 Nf6 23. Nc3+ Kc4 24. b5 Bxa3 25. O-O Nd5 26. Ra1 Bb2 27. Ra4+ Kb3 28. Rg4 Bxc3 29. Bxc3 Nxc3 30. Rg3 g6 31. h4 Rc8 32. h5 gxh5 33. Kh2 Kb4 34. Rg5 Rc5 35. f4 Kxb5 36. Rg7 f5 37. Rxh7 a5 38. Re7 Rc6 39. Rh7 Ne2 40. g3 Rc3 41. Rb7+ Ka4 42. Rg7 Nb6 43. Rg6 Re3 44. Kg2 Kb3 45. Kf2 Re4 46. Kf3 Rc4 47. Kxe2 Rc2+ 48. Kd3 a4 49. Kd4 a3 50. Rxe6 Rc4+ 51. Ke5 Rc5+ 52. Kd6 Kb4 53. Re5 Rc4 54. Rxf5 a2 55. Rc5 Rxc5 56. g4 hxg4 57. f5 a1=Q 58. Ke6 Rc6+ 59. Ke7 Qe1+ 60. Kd8 Qe5 61. f6 Qxf6+ 62. Ke8 Rc8#"
16,"0-1","White","1. c4 e5 2. d4 Bb4+ 3. Bd2 a5 4. Qa4 c6 5. Bxb4 b5 6. cxb5 Qb6 7. e3 cxb5 8. Bxb5 Nc6 9. a3 Nf6 10. Ne2 Ba6 11. Nbc3 axb4 12. axb4 O-O 13. d5 Bxb5 14. Qxa8 Rxa8 15. Rxa8+ Nb8 16. Nxb5 Qxb5 17. Nc3 Qxb4 18. O-O Kf8 19. Rd1 Qxb2 20. d6 g5 21. Rb1 Qxc3 22. Rbxb8+ Kg7 23. g3 g4 24. Rc8 Qe1+ 25. Kg2 h5 26. h4 Qd1 27. Ra7 Qxd6 28. Rca8 Qd5+ 29. Kf1 Qd1+ 30. Kg2 Qf3+ 31. Kf1 Qh1+ 32. Ke2 Qf3+ 33. Ke1 d5 34. Re7 Qe4 35. Raa7 Qh1+ 36. Ke2 Qf3+ 37. Kd3 Qf5+ 38. Kd2 Ne4+ 39. Kc1 Nd6 40. Rad7 Qxf2 41. Rxd6 Qxe3+ 42. Kc2 Qc5+ 43. Kd3 Qxd6 44. Ra7 e4+ 45. Kd4 Qb6+ 46. Kxd5 Qxa7 47. Ke5 Qe7+ 48. Kf4 e3 49. Kf5 e2 50. Kf4 e1=Q 51. Kf5 Qf6#"
17,"0-1","Black","1. e4 d5 2. exd5 Qxd5 3. Nc3 Qe6+ 4. Be2 c6 5. Nf3 Nd7 6. Ng5 Qf6 7. d3 e5 8. Nge4 Qg6 9. g3 Ndf6 10. Nxf6+ Nxf6 11. Bh5 Nxh5 12. Qe2 Bd6 13. Ne4 Bg4 14. f3 Bh3 15. Ng5 e4 16. Nxh3 Bxg3+ 17. hxg3 Nxg3 18. Qg2 Nxh1 19. Qxh1 Qg3+ 20. Kf1 exf3 21. Bf4 Qg2+ 22. Qxg2 fxg2+ 23. Kxg2 O-O 24. Re1 b5 25. b4 a5 26. a3 axb4 27. axb4 Ra2 28. Re2 Rb2 29. Bd6 Rd8 30. Ng5 h6 31. Ne4 f5 32. Be5 Rxb4 33. Nf2 Rh4 34. Bg3 Rh5 35. c3 Rg5 36. d4 f4 37. Ne4 Re8 38. Kf3 fxg3 39. Nxg5 Rxe2 40. Kxe2 hxg5 41. Kf3 Kf7 42. Kxg3 Kf6 43. Kf3 Kf5 44. Ke3 g4 45. Kf2 Kf4 46. Kg2 g3 47. Kg1 g5 48. Kg2 g4 49. Kg1 Ke3 50. Kg2 Kd3 51. Kxg3 Kxc3 52. Kxg4 Kxd4 53. Kf3 Kd3 54. Kf2 b4 55. Ke1 b3 56. Kd1 b2 57. Ke1 b1=Q+ 58. Kf2 Qb8 59. Kf3 Qe5 60. Kg2 Qe3 61. Kh2 Ke2 62. Kg2 Qf3+ 63. Kg1 Qg4+ 64. Kh2 Kf2 65. Kh1 Qg2#"
18,"0-1","Black","1. e4 d5 2. f3 e6 3. Qe2 Bc5 4. Qb5+ Nd7 5. Qe2 b6 6. exd5 e5 7. d3 Qh4+ 8. g3 Qd4 9. Nc3 Ba6 10. Be3 Qb4 11. a3 Qxb2 12. Ra2 Qxc3+ 13. Bd2 Qd4 14. f4 Qxd5 15. Nf3 Qxa2 16. Nxe5 Qa1+ 17. Qd1 Bf2+ 18. Ke2 Qd4 19. Bg2 Nxe5 20. Bxa8 Bxd3+ 21. cxd3 Nxd3 22. Be1 Qe3+ 23. Kf1 Bxe1 24. Qe2 Bf2 25. Be4 Qc1+ 26. Kg2 Nxf4+ 27. Kxf2 Qc5+ 28. Qe3 Ne6 29. Rc1 Qxe3+ 30. Kxe3 Nf6 31. Bc6+ Ke7 32. g4 Nxg4+ 33. Ke2 Nxh2 34. Bd5 Nf4+ 35. Kf2 Nxd5 36. Re1+ Kd6"
19,"0-1","Black","1. e4 e5 2. Nh3 Bc5 3. g3 Qf6 4. Qe2 d5 5. d3 Nh6 6. Bg5 Bxf2+ 7. Kd2 Qb6 8. b3 dxe4 9. Nxf2 Bf5 10. Be3 c5 11. dxe4 Qd6+ 12. Qd3 Qd7 13. Bxc5 Na6 14. Ba3 Qd4 15. Qxd4 exd4 16. exf5 Nxf5 17. Bd3 g6 18. Re1+ Ne3 19. Bb5+ Kd8 20. Ne4 Nf5 21. Nf6 Nc7 22. Re8+ Nxe8 23. Bxe8 Kc7 24. Nd5+ Kd8 25. Bxf7 Nh6 26. Be6 Re8 27. Be7+ Rxe7 28. Nxe7 Kxe7 29. Bc4 Nf5 30. Na3 Kd6 31. Kd3 Re8 32. Kd2 a6 33. b4 b5 34. Bd3 Re3 35. Bxf5 gxf5 36. Re1 f4 37. gxf4 Rxa3 38. f5 Rh3 39. Kc1 Rxh2 40. c3 Rxa2 41. Kb1 Rf2 42. Re6+ Kd7 43. Re5 dxc3 44. Kc1 h5 45. Kd1 c2+ 46. Kc1 h4 47. Rc5 h3 48. Rd5+ Ke7 49. f6+ Kxf6 50. Rh5 h2 51. Rxh2 Rxh2 52. Kb2 Ke5 53. Kc1 Kd4 54. Kb2 Kc4 55. Kc1 Kd3 56. Kb2 Rh1 57. Kb3 c1=Q 58. Ka2 Rh2+ 59. Kb3 Qb2#"
20,"0-1","Black","1. e3 e5 2. d4 d6 3. d5 Nf6 4. c4 Ne4 5. Be2 Qf6 6. Nf3 Qg6 7. O-O Bh3 8. Nh4 Be7 9. Nxg6 hxg6 10. gxh3 Rxh3 11. Bd3 f5 12. f3 Ng5 13. Nc3 Nd7 14. Qa4 Nxf3+ 15. Kg2 Ng5 16. Qb4 O-O-O 17. e4 Rxd3 18. exf5 Rf8 19. h4 Nh3 20. fxg6 Bxh4 21. Rh1 Rf2#"
21,"1-0","White","1. d4 d5 2. c4 dxc4 3. e3 Nc6 4. Bxc4 a6 5. Qf3 Bd7 6. Qxf7#"
22,"1-0","White","1. d4 d5 2. c4 dxc4 3. e3 Nc6 4. Bxc4 Be6 5. b3 Nf6 6. Nf3 Bd5 7. O-O e6 8. a3 a6 9. Nbd2 b5 10. Bd3 Qd6 11. g3 Be7 12. Ng5 h6 13. Nde4 Qd7 14. Nxf6+ gxf6 15. Nh7 Rxh7 16. Bxh7 f5 17. e4 fxe4 18. Bxh6 Bf6 19. Qg4 O-O-O 20. a4 bxa4 21. Rxa4 Bxd4 22. Bxe4 Bxb3 23. Rxa6 Bc4 24. Bxc6 Qd6 25. Ra8#"
23,"0-1","Black","1. e4 d5 2. Nc3 e6 3. Nb5 Bc5 4. d4 Bb6 5. c4 Ba5+ 6. Bd2 b6 7. Qa4 Bd7 8. cxd5 a6 9. Bxa5 axb5 10. Bxb5 Rxa5 11. Bxd7+ Nxd7 12. Qd1 exd5 13. Qg4 Qf6 14. e5 Nxe5 15. Qc8+ Ke7 16. Qxc7+ Nd7 17. b4 Qxd4 18. Rd1 Qxb4+ 19. Ke2 Rxa2+ 20. Kf1 Nf6 21. Ne2 Rha8 22. g3 Ra1 23. Rxa1 Rxa1+ 24. Kg2 Qe4+ 25. f3 Qxe2+ 26. Kh3 Rxh1 27. Qf4 Qxh2#"
24,"1-0","White","1. d4 d5 2. c4 dxc4 3. e3 e6 4. Bxc4 Bb4+ 5. Nc3 Bxc3+ 6. bxc3 a6 7. Qf3 c6 8. Nh3 b5 9. Bd3 Bb7 10. Ng5 Nf6 11. Bxh7 Qe7 12. Be4 a5 13. a4 Ra7 14. Ba3 Qd8 15. Nxe6 fxe6 16. Bg6+ Kd7 17. Bc5 Ra6 18. axb5 Ra8 19. c4 Qc7 20. b6 Qc8 21. Qf4 Kd8 22. Bd6 Ne8 23. Qg5+ Kd7 24. Qe7#"
25,"1-0","White","1. d4 e6 2. e4 Qf6 3. e5 Qg6 4. g3 Nh6 5. Bd3 Nf5 6. Nc3 Bb4 7. Bd2 O-O 8. Nh3 h6 9. Nf4 Qf6 10. exf6 gxf6 11. Ne4 Be7 12. Qg4+ Ng7 13. Nh5 f5 14. Qxg7#"
26,"0-1","Black","1. e4 d5 2. Nc3 d4 3. Nd5 e6 4. Nf4 Nf6 5. f3 Bd6 6. Nd3 O-O 7. e5 Nd5 8. exd6 Qxd6 9. g3 e5 10. c3 Bf5 11. cxd4 exd4 12. Be2 Re8 13. Qc2 Nb4 14. Qc4 Nxd3+ 15. Kf1 Ne5 16. Qb3 d3 17. Bd1 b6 18. f4 Be4 19. fxe5 Qxe5 20. Bf3 Bxf3 21. Nxf3 Qe2+ 22. Kg1 Qxf3 23. Qxd3 Re1+ 24. Qf1 Qxf1#"
27,"0-1","Black","1. e4 d5 2. h3 dxe4 3. Bc4 e6 4. d3 Bc5 5. g3 Qf6 6. Bf4 Qxb2 7. Nd2 e5 8. Rb1 Qd4 9. Be3 Qd6 10. Bxc5 Qxc5 11. Rb5 Qe7 12. Nxe4 c6 13. Rc5 Nd7 14. Ra5 Ngf6 15. f3 b6 16. Ra4 b5 17. Nxf6+ Nxf6 18. Ra5 bxc4 19. dxc4 Qb4+ 20. Qd2 Qxc4 21. Rxe5+ Be6 22. Ne2 Rd8 23. Qc3 O-O 24. O-O Ne4 25. Qxc4 Bxc4 26. Rxe4 Bxe2 27. Rxe2 a5 28. a4 Rd4 29. Ra1 Rfd8 30. Kf1 c5 31. c3 Rd3 32. Ke1 Rxc3 33. Rd1 Rf8 34. f4 Rxg3 35. Kf2 Rxh3 36. Kg2 Rh6 37. Rh1 Rg6+ 38. Kf3 c4 39. Rc2 Rc8 40. Rd1 h5 41. Rdc1 Rgc6 42. Kg3 c3 43. Kh4 g6 44. f5 Rc4+ 45. Kg5 R8c5 46. Rf1 Kg7 47. Rcf2 Rg4#"
28,"0-1","Black","1. e4 d5 2. Nc3 Nf6 3. d3 Bg4 4. Be2 e5 5. Bg5 Bc5 6. Nxd5 Na6 7. Nxf6+ gxf6 8. Bxf6 Qxf6 9. f3 O-O-O 10. Qd2 Bd4 11. c3 Bb6 12. h3 Qh4+ 13. Kd1 Qf2 14. fxg4 Qxg2 15. Bf3 Qxd2+ 16. Kxd2 Nc5 17. Bg2 Nxd3 18. Kc2 Nf2 19. Rh2 c5 20. c4 Rd4 21. Nf3 Rxe4 22. Nd2 Re2 23. Bf3 Rxd2+ 24. Kxd2 Ba5+ 25. Ke2 Nd3 26. Kxd3 Rd8+ 27. Ke4 Rd4+ 28. Kxe5 Bc7+ 29. Kf6 Bxh2 30. b3 Rf4+ 31. Ke7 Rxf3 32. Rd1 Bc7 33. Rd5 f6 34. Rxc5 h5 35. gxh5 f5 36. h6 f4 37. h7 Rxh3 38. Kf7 Rxh7+ 39. Kg8 Rd7 40. Rf5 Bd6 41. b4 Rd8+ 42. Kf7 Rf8+ 43. Ke6 Rxf5 44. Kxf5 f3 45. Ke4 f2 46. c5 Bc7 47. a4 f1=Q 48. b5 Qf4+ 49. Kd3 Qe5 50. c6 bxc6 51. bxc6 a5 52. Kc4 Bb6 53. Kd3 Qd4+ 54. Kc2 Qxa4+ 55. Kd2 Qxc6 56. Kd3 a4 57. Ke2 a3 58. Kd3 a2 59. Kd2 a1=Q 60. Ke2 Qcf6 61. Kd2 Qac3+ 62. Ke2 Qff3#"
29,"1-0","White","1. d4 d5 2. e4 dxe4 3. Bc4 c6 4. Nf3 Bg4 5. Ne5 Bxd1 6. Bxf7#"
30,"0-1","Black","1. e3 e5 2. Qg4 d5 3. e4 Nf6 4. Qf3 dxe4 5. Qb3 Nd5 6. Bc4 Qf6 7. Bxd5 Be6 8. Qxb7 Bc5 9. f3 O-O 10. Qxa8 Bxd5 11. Qxd5 Bb6 12. Qxe4 Na6 13. b3 c5 14. Nc3 Bd8 15. Ba3 Be7 16. O-O-O Nc7 17. Nd5 Nxd5 18. Qxd5 Rd8 19. Qe4 Rd4 20. Qa8+ Rd8 21. Qxa7 e4 22. Bxc5 Qa1#"
31,"0-1","White","1. g3 e6 2. Nf3 Nf6 3. Bh3 d5 4. Ne5 Qd6 5. d4 Nc6 6. Bf4 h6 7. Nxf7 Kxf7 8. Bxd6 cxd6 9. O-O a5 10. e4 Nxe4 11. Qh5+ g6 12. Qf3+ Nf6 13. Nd2 Nxd4 14. Qc3 Ne2+ 15. Kh1 Nxc3 16. bxc3 h5 17. Nf3 Bh6 18. Rab1 a4 19. Rfe1 Ne4 20. c4 Nxf2+ 21. Kg2 Nxh3 22. Kxh3 e5+ 23. Kg2 e4 24. Nd4 Re8 25. cxd5 Ra5 26. c4 e3 27. Rb6 Ra6 28. Rb5 b6 29. Rf1+ Kg7 30. a3 e2 31. Ne6+ Bxe6 32. dxe6 Rxe6 33. Re1 Bd2 34. Kf2 Bxe1+ 35. Kxe1 Ra5 36. Rxb6 Rf5 37. Rb7+ Kf6 38. c5 Rf1+ 39. Kd2 e1=Q+ 40. Kd3 Qe4+ 41. Kc3 Rf3+ 42. Kd2 Qe2+ 43. Kc1 Rf1#"
32,"1-0","White","1. e4 e5 2. f4 Bc5 3. fxe5 Kf8 4. Qf3 Nh6 5. Bc4 Qe7 6. Nh3 a6 7. d4 Bxd4 8. Bg5 Qb4+ 9. c3 Qxc4 10. Nd2 Qa4 11. b3 Qa3 12. cxd4 Qb2 13. Rd1 Qxd4 14. Nc4 Qc5 15. Qg3 Qb4+ 16. Bd2 Qe7 17. O-O Ke8 18. Qxg7 Qf8 19. Bxh6 Qxg7 20. Bxg7 Rg8 21. Bf6 Nc6 22. e6 fxe6 23. Ng5 d5 24. Nxh7 Nb4 25. Rd2 Bd7 26. Ne5 Bb5 27. Rc1 c6 28. exd5 exd5 29. Re1 a5 30. Nxc6+ Kd7 31. Nxb4 axb4 32. Rxd5+ Kc6 33. Rd4 Kb6 34. Rxb4 Rac8 35. Bd4+ Ka5 36. a3 Ba4 37. bxa4 b5 38. axb5 Rg4 39. b6 Rb8 40. Re5+ Ka6 41. Re7 Rxd4 42. Rxd4 Rxb6 43. Rde4 Rb1+ 44. Kf2 Rb2+ 45. Re2 Rb3 46. a4 Ra3 47. h4 Rxa4 48. h5 Rf4+ 49. Ke1 Rh4 50. Ra2+ Kb6 51. Rc2 Kb5 52. Rb7+ Ka6 53. Rb3 Rxh5 54. Nf6 Rg5 55. Ne4 Rxg2 56. Nc5+ Ka5 57. Nb7+ Ka4 58. Rbc3 Rxc2 59. Rxc2 Kb5 60. Kd2 Kb4 61. Kd3 Kb5 62. Nd6+ Kb6 63. Rc8 Ka7 64. Kc4 Kb6 65. Kb4 Ka6 66. Kc5 Ka7 67. Nb5+ Ka6 68. Rc7 Ka5 69. Ra7#"
33,"1-0","White","1. d4 d5 2. c4 Nf6 3. e3 e6 4. Qf3 dxc4 5. Bxc4 Bb4+ 6. Bd2 Bxd2+ 7. Nxd2 c6 8. Ne2 b5 9. Bb3 a5 10. a4 b4 11. Ne4 Qd5 12. Bxd5 cxd5 13. Nd6+ Kd7 14. Nxf7 Rf8 15. Ne5+ Ke8 16. Nc4 Nc6 17. Rc1 Ne4 18. Nb6 Rb8 19. Qh5+ g6 20. Qxh7 Nxf2 21. Qxg6+ Rf7 22. O-O Rxb6 23. Nf4 e5 24. Nxd5 Rb7 25. Rxf2 exd4 26. Rxc6 Rb8 27. Qxf7+ Kd8 28. Qe7#"
34,"1-0","White","1. d4 d5 2. c4 dxc4 3. e3 Be6 4. Nc3 c6 5. e4 b5 6. d5 cxd5 7. exd5 b4 8. Bxc4 bxc3 9. Qf3 Nd7 10. dxe6 Ne5 11. Bb5+ Nd7 12. Qxf7#"
35,"1-0","White","1. d4 Nf6 2. Nc3 d5 3. Nf3 e6 4. Ne5 Ne4 5. Nxe4 dxe4 6. e3 f6 7. Qh5+ Ke7 8. Ng6+ hxg6 9. Qxh8 Qd5 10. Be2 Nc6 11. Bd2 a5 12. c4 Qg5 13. O-O Qh6 14. Qxh6 gxh6 15. a3 g5 16. d5 Ne5 17. b4 Kd8 18. bxa5 b6 19. Bb4 Ke8 20. axb6 cxb6 21. c5"
36,"0-1","Black","1. e3 d5 2. d4 Nc6 3. Nc3 Bf5 4. Nf3 Nb4 5. Bd3 Qd7 6. a3 Nxd3+ 7. cxd3 f6 8. Qb3 c6 9. Na4 e5 10. dxe5 b5 11. Nc5 Bxc5 12. d4 Be7 13. exf6 Bxf6 14. Bd2 Ne7 15. Bb4 a5 16. Bxe7 a4 17. Qc2 Bxc2 18. O-O Qxe7 19. g3 O-O 20. Rac1 Bf5 21. Rxc6 Bh3 22. Rfc1 Qe4 23. Ne1 h5 24. b4 Rac8 25. Rxc8 Bxc8 26. f3 Qxe3+ 27. Kf1 Qxc1 28. g4 Bxd4 29. gxh5 Re8 30. h6 Bh3#"
37,"0-1","Black","1. e4 d5 2. d3 e5 3. h3 Bc5 4. g3 Qf6 5. Nf3 Nc6 6. Ng5 Qxf2#"
38,"1-0","White","1. d4 e6 2. c4 Bb4+ 3. Bd2 a5 4. c5 Qg5 5. Nf3 Qh6 6. a3 Bxd2+ 7. Nbxd2 Nc6 8. e3 a4 9. Ne5 Nxe5 10. dxe5 b6 11. c6 dxc6 12. Ne4 Bd7 13. Nd6+ Ke7 14. Qd2 b5 15. Rd1 Kf8 16. Qb4 Ne7 17. Nb7 g6 18. Rxd7 Re8 19. Rxc7 Kg7 20. Rxe7 Rxe7 21. Qxe7 g5 22. Nd6 Rf8 23. Ne8+ Kh8 24. g3 g4 25. Bg2 f5 26. O-O Kg8 27. Nf6+ Qxf6 28. exf6 Rf7 29. Qxe6 h5 30. Rd1 Kh7 31. Qxf7+ Kh6 32. Qg7#"
39,"0-1","Black","1. e3 e5 2. Qf3 f6 3. Bc4 Ne7 4. d4 d5 5. Bb3 Nbc6 6. Ba4 Bd7 7. Nh3 Nb4 8. Bxd7+ Qxd7 9. c3 Nc2+ 10. Kd1 Nxa1 11. b4 Qa4+ 12. Ke1 Qxa2 13. Qd1 Qxb1 14. f4 Nc2+ 15. Kd2 Nf5 16. Qxc2 Qxc2+ 17. Kxc2 exd4 18. cxd4 Bxb4 19. Nf2 c5 20. Nd3 Rc8 21. Kb3 a5 22. Ka4 Nd6 23. Ba3 b5+ 24. Kb3 c4+ 25. Ka2 cxd3 26. Kb3 Rc3+ 27. Kb2 Nc4+ 28. Ka2 Rxa3+ 29. Kb1 Nd2+ 30. Kc1 Ra1+ 31. Kb2 Rxh1 32. g3 Rxh2"
40,"0-1","Black","1. e4 e5 2. Qf3 Bc5 3. g3 Nc6 4. c3 Nf6 5. d3 O-O 6. Bh3 d5 7. Bxc8 dxe4 8. dxe4 Rxc8 9. Bd2 Nd4 10. Qd3 Ng4 11. Be3 Qf6 12. Nh3 Qf3 13. Rf1 b5 14. Nd2 Qg2 15. O-O-O Qxh3 16. f3 Nxe3 17. Qxe3 Nb3+ 18. Nxb3 Bxe3+ 19. Kb1 Qxh2 20. Rfe1 Qf2 21. a4 Rcd8 22. Ka2 Rxd1 23. Rxd1 Qxf3 24. axb5 Qxe4 25. b6 Qa4+ 26. Kb1 axb6 27. Kc2 g6 28. Re1 Qe4+ 29. Kd1 Rd8+ 30. Ke2 Bd2+ 31. Kf2 Bxe1+ 32. Kg1 Qe2 33. Nc1 Bf2+ 34. Kh2 Be3+ 35. Nxe2 Rd2 36. Kg2 Rxe2+ 37. Kf3 Rxb2 38. Kxe3 Rb3 39. Kd3 c5 40. Kc2 c4 41. g4 e4 42. Kd2 f5 43. g5 f4 44. Kc2 e3 45. Kd1 f3 46. Kc2 f2 47. Kd1 f1=Q+ 48. Kc2 Qb1#"
41,"1-0","White","1. d4 d5 2. c4 dxc4 3. e3 b5 4. Qh5 a6 5. Na3 Nf6 6. Qf3 Qd5 7. Be2 Qxf3 8. Bxf3 c6 9. b4 Bg4 10. Bb2 Bxf3 11. Nxf3 e6 12. Nc2 Bd6 13. g3 O-O 14. O-O a5 15. a3 axb4 16. Nxb4 Bxb4 17. axb4 Rxa1 18. Rxa1 Ne4 19. d5 cxd5 20. Bd4 Nd7 21. Ra7 Rd8 22. Ne5 Nxe5 23. Bxe5 Nd2 24. Kg2 Nb1 25. Bc7 Re8 26. Ra5 c3 27. Rxb5 c2 28. Rc5 Na3 29. Be5 f6 30. Bb2 Nb1 31. Rxc2 e5 32. b5 d4 33. b6 d3 34. Rc1 Nd2 35. b7 Nb3 36. Rc8 Rxc8 37. bxc8=Q+ Kf7 38. Qc4+ Kg6 39. Qxd3+ Kf7 40. Qxb3+ Kg6 41. f4 exf4 42. exf4 h5 43. Qb6 Kf5 44. Qc5+ Kg4 45. h3#"
42,"0-1","White","1. d4 d5 2. c4 e6 3. e3 Bb4+ 4. Bd2 Bd6 5. Qf3 f6 6. Bd3 g6 7. Nc3 Ne7 8. Qxf6 Rf8 9. Qg7 Kd7 10. Qxh7 Nc6 11. Bxg6 Nb4 12. Nge2 Nc2+ 13. Bxc2 c6 14. Qh3 Nf5 15. cxd5 Ke8 16. Nf4 exd5 17. Ng6 Nxd4 18. Bf5 Bxf5 19. g4 Bxg6 20. O-O-O Rxf2 21. Qh8+ Rf8 22. Qxd4 Qb6 23. Qg7 Bf7 24. h4 Ba3 25. bxa3 d4 26. Qe5+ Kd7 27. exd4 Rae8 28. Qg7 Qa5 29. h5 Qxa3+ 30. Kc2 b5 31. h6 b4 32. h7 Kd8 33. h8=Q b3+ 34. Kd3 Qa6+ 35. Nb5 Qxb5+ 36. Kc3 Qc4+ 37. Kb2 Qc2+ 38. Ka3 Qxa2+ 39. Kb4 c5+ 40. Kxc5 Qc2+ 41. Kb4 a5+ 42. Kxa5 Qa2+ 43. Kb4 Kd7 44. Qh3 Rb8+ 45. Kc5 Qa7#"
43,"0-1","Black","1. e4 d5 2. f3 e5 3. g4 Qf6 4. h3 Qh4+ 5. Ke2 dxe4 6. Qe1 exf3+ 7. Nxf3 Qf6 8. d3 Bc5 9. Be3 Qb6 10. b3 Bxe3 11. Nxe5 Qd4 12. Nc3 Qxe5 13. Bg2 Bd4+ 14. Kd1 Bxc3 15. Qxe5+ Bxe5 16. Re1 Nc6 17. d4 Be6 18. dxe5 O-O-O+ 19. Kc1 Nge7 20. Kb2 Rd2 21. Be4 Rhd8 22. Bd3 R8xd3 23. Red1 Nxe5 24. Rxd2 Rxd2 25. Re1 f6 26. Kc3 Rd5 27. Kb4 N7c6+ 28. Ka3 b5 29. Kb2 b4 30. Re2 a5 31. g5 f5 32. h4 f4 33. h5 Rd1 34. g6 h6 35. c3 f3 36. Rf2 Nd3+ 37. Kc2 Nxf2 38. a3 Bf5+ 39. Kb2 Rd2+ 40. Kc1 bxc3 41. b4 Nd3+ 42. Kb1 f2 43. bxa5 f1=R#"
44,"1-0","White","1. d4 d5 2. c4 dxc4 3. e3 Be6 4. Qf3 c6 5. Nh3 Bd5 6. e4 Be6 7. Ng5 Nf6 8. Nxe6 Qd7 9. Bxc4 b5 10. Bf4 fxe6 11. Bb3 Qxd4 12. Nd2 Qxb2 13. O-O e5 14. Rab1 Qa3 15. Bxe5 Qc5 16. Bc7 Na6 17. Rbc1 Qb4 18. Qd3 Nxc7 19. a3 Qa5 20. Rxc6 Rd8 21. Bf7+ Kxf7 22. Qxd8 Qxa3 23. Rxc7 Ne8 24. Qd5+ Kg6 25. Qf5+ Kh6 26. Nf3 g6 27. Rc6 Nf6 28. Qg5+ Kg7 29. h4 h6 30. Qe5 b4 31. Ra1 Qc3 32. Rxc3 bxc3 33. Qxc3 h5 34. Rxa7 Rg8 35. Ng5 Rh8 36. f4 Rg8 37. f5 gxf5 38. exf5 Kh8 39. g4 hxg4 40. Ne6 g3 41. Nxf8 Rxf8 42. Rxe7 Kg8 43. Qxg3+ Kh8 44. Qg7#"
45,"1-0","White","1. g3 e5 2. Nf3 f6 3. Bh3 d6 4. g4 h6 5. Nh4 Ne7 6. d4 e4 7. c4 c6 8. Qa4 Qb6 9. d5 Bd7 10. dxc6 Bxc6 11. Be3 Qa6 12. Qb4 g5 13. Qxd6 Qa5+ 14. Bd2 Qd8 15. Qxf6 Rg8 16. Nf5 Nxf5 17. Qxf5 Be7 18. Qe6 Na6 19. Qxg8+ Kd7 20. Qg7 e3 21. Bxe3 Rc8 22. O-O b6 23. Rd1+ Ke6 24. Rxd8 Rxd8 25. Nc3 Nb4 26. Qxh6+ Kd7 27. f4 Nc2 28. Rd1+ Kc7 29. Rxd8 Kxd8 30. Qxc6 Nxe3 31. fxg5 Bxg5 32. Qa8+ Kc7 33. Nb5+ Kd7 34. Qxa7+ Kc8 35. Nd6+ Kd8 36. Nf7+ Kc8 37. Nxg5 Nxc4 38. Nf7 b5 39. g5#"
46,"1-0","Black","1. e4 d5 2. e5 d4 3. d3 e6 4. Nh3 Bb4+ 5. Bd2 Nc6 6. a3 Nxe5 7. Bxb4 Qf6 8. Nd2 Ng4 9. Qxg4 e5 10. Qh5 e4 11. Qc5 Ne7 12. Qb5+ c6 13. Qh5 exd3 14. cxd3 g6 15. Qe2 Be6 16. Ne4 Qg7 17. Nd6+ Kd7 18. Nf4 Bb3 19. Nxb7 Nd5 20. Nxd5 Rhe8 21. Be7 Bxd5 22. Nc5+ Kc7 23. b4 f5 24. Qd1 Qxe7+ 25. Be2 Bxg2 26. Rg1 Bf3 27. Ra2 a5 28. Kf1 Bd5 29. Rb2 axb4 30. axb4 f4 31. f3 Qh4 32. b5 Kd6 33. Nb7+ Ke7 34. b6 Kf6 35. Nc5 Re3 36. Rg2 Qh3 37. b7 Rae8 38. b8=Q Bxf3 39. Qxf4+ Kg7 40. Rb7+ R8e7 41. Bxf3 Rxb7 42. Nxb7 Qd7 43. Nc5 Qe7 44. Qxd4+ Re5 45. Bxc6 Qxc5 46. Qd7+ Re7 47. Qc8 Rf7+ 48. Ke1 Qe3+ 49. Re2 Qg1+ 50. Kd2 Qg5+ 51. Re3 Rf2+ 52. Qe2 Rxe2+ 53. Kxe2 Qh5+ 54. Bf3 Qxh2+ 55. Kf1 Qd2 56. Qc7+ Kh6 57. Qf4+ g5 58. Qf6#"
47,"0-1","Black","1. e4 e5 2. Bd3 Qf6 3. Nh3 Bc5 4. c3 d5 5. Qf3 dxe4 6. Bxe4 Bxh3 7. gxh3 Qh4 8. Kd1 c6 9. Kc2 Nf6 10. Bd3 O-O 11. b4 e4 12. Qe2 exd3+ 13. Qxd3 Bxf2 14. Na3 Nbd7 15. Qe2 Rfe8 16. Qf3 Ne5 17. Qe2 b5 18. d4 Nc4 19. Qd3 Ne3+ 20. Bxe3 Rxe3 21. Qd2 Ne4 22. Qd1 Rxc3+ 23. Kb2 Qxh3 24. Nc2 Rc4 25. a3 Qc3+ 26. Kc1 Qxa1#"
48,"1-0","White","1. d4 e6 2. c4 Bb4+ 3. Bd2 a5 4. e3 g6 5. d5 e5 6. Bc3 f6 7. Nf3 Nh6 8. Nxe5 Bxc3+ 9. Nxc3 c6 10. Ng4 Nf5 11. dxc6 bxc6 12. Bd3 d6 13. O-O Nh4 14. Be4 Bxg4 15. Qxg4 f5 16. Bxf5 Nxf5 17. Qe4+ Qe7 18. Rad1 Kd7 19. Qf3 Na6 20. Na4 Rab8 21. c5 Rhf8 22. Nb6+ Rxb6 23. cxb6 Rb8 24. Rd3 Rxb6 25. Rfd1 d5 26. Qg4 Nb4 27. Rd4 Qe6 28. Re4 Qxe4 29. Qxe4 Kc7 30. Qe5+ Nd6 31. Qg7+ Kb8 32. Qxh7 Rb7 33. Qxg6 Nc4 34. e4 Ne5 35. Qd6+ Ka7 36. Qxe5 c5 37. exd5 c4 38. d6 Rd7 39. Qc5+ Kb7 40. Qb5+ Kc8 41. Qxc4+ Kb7 42. Qb5+ Kc8 43. Qxa5 Nc6 44. Qa8+ Nb8 45. Rc1+ Kd8 46. Qxb8#"
49,"1-0","White","1. d4 d5 2. c4 e6 3. e3 Bb4+ 4. Bd2 a5 5. Qf3 c5 6. cxd5 exd5 7. Bc3 a4 8. dxc5 Bxc5 9. Bxg7 Bb4+ 10. Nc3 a3 11. Bxh8 axb2 12. Rd1 Bxc3+ 13. Bxc3 Rxa2 14. Rxd5 Nd7 15. Bb5 b1=Q+ 16. Rd1 Qxb5 17. Bd2 Ne5 18. Qg3 Bg4 19. Nf3 Qb2 20. O-O Nxf3+ 21. gxf3 Be6 22. Qxg8+ Kd7 23. Ba5+ Kc6 24. Qxd8 Qg7+ 25. Kh1 Qe5 26. Qb6#"
50,"1-0","White","1. d4 d5 2. c4 e5 3. e3 e4 4. Bd2 Nc6 5. Nc3 Nh6 6. Nxd5 Be6 7. Nc3 Bd6 8. d5 Bxd5 9. cxd5 Ne5 10. Qa4+ Nd7 11. Bb5 O-O 12. Bxd7 a6 13. Bh3 b5 14. Qxe4 Re8 15. Qd3 c5 16. dxc6 Be5 17. Bd7 b4 18. Nd5 a5 19. Bxe8 Qd6 20. Bd7 a4 21. Bxb4 Qb8 22. Bc8 Qxc8 23. Ne7+ Kf8 24. Nxc8+ Ke8 25. Ne7 g6 26. Nc8 Rxc8 27. Qd7#"
